<?xml version="1.0" encoding="UTF-8"?>
<project-private xmlns="http://www.netbeans.org/ns/project-private/1">
    <editor-bookmarks xmlns="http://www.netbeans.org/ns/editor-bookmarks/2" lastBookmarkId="0"/>
    <open-files xmlns="http://www.netbeans.org/ns/projectui-open-files/1">
        <file>file:/F:/pmcart/information.txt</file>
        <file>file:/F:/pmcart/includes/bottom.php</file>
        <file>file:/F:/pmcart/templates/home/signup.html</file>
        <file>file:/F:/pmcart/templates/home/login_confirm.html</file>
        <file>file:/F:/pmcart/templates/home/signup_personal.html</file>
        <file>file:/F:/pmcart/templates/home/signup_finished.html</file>
        <file>file:/F:/pmcart/style.css</file>
        <file>file:/F:/pmcart/templates/header.html</file>
        <file>file:/F:/pmcart/templates/right.html</file>
    </open-files>
</project-private>
