<?xml version="1.0" encoding="UTF-8"?>
<project-private xmlns="http://www.netbeans.org/ns/project-private/1">
    <editor-bookmarks xmlns="http://www.netbeans.org/ns/editor-bookmarks/2" lastBookmarkId="0"/>
    <open-files xmlns="http://www.netbeans.org/ns/projectui-open-files/1">
        <file>file:/F:/pmcart/information.txt</file>
        <file>file:/F:/pmcart/includes/configs.php</file>
        <file>file:/F:/pmcart/success.php</file>
        <file>file:/F:/pmcart/status.php</file>
    </open-files>
</project-private>
